address,ADDRESS
NA,31 South Western Highway
NA,194 Great Eastern Highway
NA,174 Balcatta Road
NA,102 Princess Road
NA,1/300 Joseph Banks Bvd
NA,302-318 Collier Road
NA,35 Port Kembla Drive
NA,492 Marmion Street
NA,270 Butler Bvd
NA,25 Abernethy Road
NA,215 Campbell Road
NA,232 Orrong Road
NA,2131 West Swan Road
NA,814 North Lake Road
NA,2 Haydock Street
NA,303 Corfield Street
NA,13 Lakes Road
NA,1 Eaglemont Street
NA,120 Yellowwood Ave
NA,1256 Armadale Road
NA,8 Buick Way
NA,4 Church Street
NA,105 Champion Drive
NA,8 Mullingar Way
NA,1969 Albany Highway
NA,650 Marshall Road
NA,324 The Broadway
NA,296 Pinjarra Road
NA,40-42 Great Northern Highway
NA,8 Clayton Street
NA,231 Morrison Road
NA,162 Russell Street
NA,235 Welshpool Road
NA,129 Dixon Road
NA,481 Balfour Street
NA,660 Beeliar Drive
NA,125 Murdoch Road
NA,79 Gnangara Road
NA,929-931 Wanneroo Road
NA,990 Wanneroo Road
NA,332 Hale Road
NA,86 South Coast Highway
NA,3 Armadale Road
NA,Lot 602 Forrest Highway
NA,Lot 601 Forrest Highway
NA,39 Bussell Highway
NA,Lot 50 Mandurah Road
NA,40 North West Coastal Highway
NA,287 Place Road
NA,3249 Albany Highway
NA,80 Old Coast Road
NA,59 Great Eastern Highway
NA,69 Pinetree Gully Road
NA,1443 Albany Highway
NA,121 Collins Road
NA,226 Morrison Road
NA,40 Benara Road
NA,941 Whitfords Ave
NA,35 Albany Highway
NA,848 Canning Highway
NA,530 Canning Highway
NA,100-102 Blackwood Ave
NA,53 Erindale Road
NA,Lot 191 Paparone Road
NA,Lot 192 Leary Road
NA,2/909 Mandurah Road
NA,2 Illawarra Cres North
NA,1084 Great Northern Highway
NA,701 Beeliar Drive
NA,261 Eddystone Ave
NA,2 Wellard Street
NA,2 Coghlan Street
NA,83 Wheatley Drive
NA,26 Albert Street
NA,13 Bannister Road
NA,1134 North West Coastal Highway
NA,40 Bennett Street
NA,28K Caloundra Road
NA,138 Loch Street
NA,210 Great Eastern Highway
NA,2 Prendiville Ave
NA,44 Archer Street
NA,2 Sunlander Drive
NA,68-70 Brown Street
NA,190 Karrinyup Road
NA,4 Chisham Ave
NA,218 Main Street
NA,2 Ridgewood Bvd
NA,246 Leach Highway
NA,349 Charles Street
NA,2 Warburton Ave
NA,214 Warnbro Sound Ave
NA,222 Rockingham Road
NA,339 High Road
NA,2 Chalgrove Ave
NA,9 Mends Street
NA,810 Beeliar Drive
NA,261 Walter Road West
NA,240 Cambridge Street
NA,11 Scarborough Beach Road
NA,1 Roy Earl Drive
NA,7 Welshpool Road East
NA,Lot 6 Great Eastern Highway
NA,44A South Coast Highway
NA,19 Rodgers Street
NA,4 Wanneroo Road
NA,15 South Western Highway
NA,238 Naturaliste Tce
NA,137 Dixon Road
NA,2 The Gateway
NA,484 Walter Road East
NA,2 Alex Wood Drive
NA,155 Hale Road
NA,Lot 1662 Shenton Street
NA,438 Hannan Street
NA,19 Coolibah Drive
NA,2 Guava Way
NA,1520 Gnangara Road
NA,68 Warton Road
NA,2 Abello Bvd
NA,110 Bashford Street
NA,248 Celebration Road
NA,Lot 35 Goldfields Highway
NA,88 Gilbertson Road
NA,1033 Mardie Road
NA,30 Balmoral Road
NA,Lot 9 Resource Road
NA,2907 Albany Highway
NA,48 Courtney Pl
NA,549 Abernethy Road
NA,28 Koondoola Ave
NA,Cnr Stockman Road & Bull Run Road
NA,230-234 Nicholson Road
NA,269 Kalamunda Road
NA,304 Pinjarra Road
NA,96 Giblett Street
NA,73 Manning Road
NA,360 Anchorage Drive North
NA,153 Gardiner Street
NA,335 Walter Road West
NA,25 Mitchell Road
NA,101 Dampier Av
NA,16 Tubada Street
NA,37 Federal Street
NA,1351 Rockingham Road
NA,101 Great Northern Highway
NA,386 Scarborough Beach Road
NA,Lot 2 Eyre Highway
NA,85 Forrest Ave
NA,84 Brockman Street
NA,Lot 202 Wimbridge Road
NA,24 Wetherly Drive
NA,90 Anderson Street
NA,46 Bakewell Drive
NA,47 Morgans Street
NA,419 Great Eastern Highway
NA,43 Hampton Street
NA,30373 Brand Highway
NA,18a South Western Highway
NA,129 Stirling Highway
NA,10895 Great Eastern Highway
NA,188 Spencer Street
NA,2 Throssell Road
NA,30 Angove Road
NA,13724 Great Eastern Highway
NA,430 Safety Bay Road
NA,Cnr Pinga Street & Anthill Street
NA,1 Ballantyne Road
NA,11 Wilurarra Road
NA,85 Queen Victoria Street
NA,16 Albany Highway
NA,190 North West Coastal Highway
NA,380 Great Eastern Highway
NA,80-82 Great Northern Highway
NA,46458 South Coast Highway
NA,12 Bridgetown Road
NA,64 Blackwood Ave
NA,177-179 Great Eastern Highway
NA,25 Preston Street
NA,21 Edgewater Drive
NA,12440 Bussell Highway
NA,3 Carson Road
NA,211 Bussell Highway
NA,Cnr Rockingham Road & Lee Road
NA,177 O'Connor Road
NA,150 Wanneroo Road
NA,21 Coronation Drive
NA,8B South Western Highway
NA,3 Bandicoot Drive
NA,634 Menang Drive
NA,5 Cocos Drive
NA,1 Spencer Street
NA,124 Throssell Street
NA,4267 South Western Highway (Cnr Del Park Road)
NA,2 Cunningham Road (Cnr Great Eastern Highway)
NA,1540 Anderson Road
NA,Cnr Mandurah Road & Wellard Road
NA,76 Malaga Drive (Cnr Truganina Road)
NA,54 Wetherell Street
NA,12 Clayton Road
NA,131 Welsh Drive (Cnr Pardoo Drive)
NA,204 North Road
NA,1 Wimbridge Road
NA,1 Princep Street
NA,Cnr North Mole Drive & Rous Head Road
NA,159 Altone Road (Cnr Hull Way)
NA,918 Canning Highway (Cnr Kintail Road)
NA,50 Mavis Road
NA,1 Forrest Ave
NA,115 Strelly Street
NA,11 Headingly Cr (Cnr Connolly Drive)
NA,Lot 22 South Western Highway (Cnr Nettleton Road)
NA,1346 Albany Highway
NA,510 Beach Road (Cnr Duffy Road)
NA,595 Robinson Street
NA,7 Ocean Keys Bvd (Cnr Marmion Ave)
NA,110-114 Bayley Street
NA,191 Bailey Bvd (Cnr Dawesville Bypa)
NA,365 Scarborough Beach Road
NA,157 Lord Street
NA,1 Pratt Road
NA,112 Oakleigh Drive (Cnr Old Coast Road)
NA,59 Dempster Street
NA,77 Maidstone Cr
NA,63 Alex Wood Drive (Cnr Armadale Road)
NA,2 Jon Sanders Drive (Cnr Harborne Street)
NA,158 Corfield Street
NA,35 Minilya Pkwy (Cnr Lakes Road)
NA,967 Abernethy Road (Cnr Grogan Road)
NA,342 Beaufort Street (Cnr Bulwer Street)
NA,Lakeside Joondalup Shopping Centre
NA,146 Boulder Road (Cnr Connolly Street)
NA,Lot 3861 Bathgate Road
NA,2877 Albany Highway
NA,2 Fenton Street (Cnr Kewdale Road)
NA,86 Kingsley Drive
NA,319 Vincent Street
NA,18 Orchard Road (Cnr Kelvin Road)
NA,375 Great Eastern Highway
NA,296 Benara Road (Cnr Beechboro Road North)
NA,676 Stirling Highway
NA,5895 Great Eastern Highway
NA,10 Robson Way
NA,1 Broadway (Cnr Stirling Highway)
NA,Lot 1328 Newman Drive
NA,2624 Wanneroo Road
NA,391 Wanneroo Road
NA,309 Stock Road
NA,270 High Road
NA,111 Great Eastern Highway
NA,29 Dixon Road
NA,74 Scarborough Beach Road
NA,420 Secret Harbour Bvd
NA,67 Hamilton Road
NA,194 Rokeby Road
NA,316 Spencer Road
NA,219 Yale Road
NA,2 Bristol Street (Cnr Warnbro Sound Ave)
NA,169 High Road
NA,436 Wanneroo Road
NA,60 Bannister Road
NA,91-93 Manning Road (Cnr Wyong Road)
NA,382 Grand Prom
NA,2100 Albany Highway (Cnr Mills Street)
NA,581 Hannan Street (Cnr Ochiltree Street)
NA,110 Ranford Road
NA,2 Baroy Street (Cnr Old Coast Road)
NA,810 Beaufort Street
NA,537 Lake Road
NA,2 Omeo Street
NA,309 Morrison Road
NA,79 Buckingham Drive (Cnr Hartman Drive)
NA,6639 West Swan Road
NA,271 York Street
NA,868 Pinjarra Road (Cnr Tonkin Drive)
NA,204 Great Eastern Highway
NA,2 Hollosy Way (Cnr Pinjar Road)
NA,614 Baldivis Road (Cnr Safety Bay Road)
NA,303 Great Eastern Highway
NA,176 Canning Highway
NA,490 Karrinyup Road
NA,1 Capital Road (Cnr Alexander Drive)
NA,585 Canning Highway (Cnr North Lake Road)
NA,240 Toodyay Road (Cnr Lewis Jones Crss)
NA,56 Albany Highway
NA,1 Morwell Street
NA,289 Beeliar Drive
NA,12-14 Cajarina Road (Cnr Pardoo Street)
NA,119 Kurnall Road
NA,259 Bussell Highway
NA,11 Shorehaven Bvd
NA,Cnr Grand Ent & The Promenade
NA,317 Millhouse Road
NA,5 Hamelin Drive
NA,162 Chester Pass Road
NA,Lot 68 Pennant Road
NA,36 Duchess Street
NA,15 Sarah Cl
NA,25 Cecil Ave
NA,90 Robinson Street
NA,1244 Marmion Ave
NA,372 Grand Prom
NA,106 Frederick Street
NA,2 Recreation Drive
NA,11 Main Street
NA,651 Old Coast Road
NA,5 Howtree Pl
NA,78C Hale Road
NA,59 Cathedral Ave
NA,37 Canham Way
NA,189 Winton Road
NA,104 Brookman Street
NA,Lot 1437 Warambie Road
NA,6 Chisham Ave
NA,77 Attfield Street
NA,207 Burslem Drive
NA,168 Wanneroo Road (opp Giralt Road)
NA,330 Pinjarra Road
NA,10-12 Magenta Tce
NA,89 Mottram Street
NA,53 Yirrigan Drive
NA,60 Russell Street
NA,86 Wellington Street
NA,401 Scarborough Beach Road
NA,150 Anderson Street
NA,12 Saltaire Way
NA,219 Hampton Road
NA,752 North Lake Road
NA,466 Warton Road
NA,202 Warnbro Sound Ave
NA,470 Whitfords Ave
NA,20 Windsor Road
NA,6672 Bussell Highway
NA,1014 North West Coastal Highway
NA,57 Goldfields Road
NA,16 Flinders Cct
NA,12 Bald Island Road
NA,570 Rosedale Road
NA,342 Albany Highway
NA,250 Albany Highway
NA,269 South Western Highway
NA,1001 Joondalup Drive
NA,34 Jackson Street
NA,8 Durnin Ave
NA,1128 Albany Highway
NA,1 Timberyard Way
NA,394 Canning Highway
NA,35 Frank Street
NA,71 Cranford Ave
NA,19 Napier Tce
NA,44 Benningfield Road
NA,9805 Forrest Highway
NA,70 Forrest Ave
NA,88 Causeway Road
NA,61 Butler Bvd
NA,280 Bannister Road
NA,1 Johnson Road
NA,269 Stirling Highway
NA,36 Ocean Keys Bvd
NA,223 Belmont Ave
NA,57 Johnston Street
NA,47 Church Road
NA,67 Walter Road West
NA,193 Warwick Road
NA,64 Dunn Bay Road
NA,57 Joondalup Drive
NA,3 Goodwood Cres
NA,25 Andrew Street
NA,87 Great Northern Highway
NA,2 Strelitzia Ave
NA,101 Hampton Road
NA,60 Marangaroo Drive
NA,14 Guava Way
NA,3 Guildford Road
NA,6 Jersey Street
NA,222 Manning Road
NA,6 Madigan Road
NA,13 Searipple Road
NA,518 Abernethy Road
NA,47 Renegade Way
NA,17 Poinciana Street
NA,4 Beach Street
NA,49 Banksiadale Gte
NA,70 Nicholson Road
NA,29/51 Farrington Street
NA,117 Burslem Drive
NA,492 Alexander Drive
NA,Cnr Pinjarra Road & Watson Drive
NA,78 Bussell Highway
NA,Lot 821 Main Street
NA,Lot 46 Great Northern Highway
NA,582 Stirling Highway
NA,253 Walcott Street
NA,1 The Esplanade
NA,69 North Lake Road
NA,10 Beamish Ave
NA,6 Marina Bvd
NA,11 Roberts Street West
NA,80 Carrington Street
NA,480 William Street
NA,Lot 2065 Wilson Street
NA,205 West Coast Highway
NA,492 Mandurah Road
NA,Lot 5553 Great Northern Highway
NA,3 Canning Highway
NA,216 Lakey Street
NA,2 Fortyn Ct
NA,1333 Great Northern Highway
NA,2 Napoleon Prom
NA,66 Kent Street
NA,1-9 Gnangara Drive
NA,1 Niche Pde
NA,621 Wanneroo Road
NA,274 Erindale Road
NA,337 Cambridge Street
NA,30 Thomas Street
NA,88 Champion Drive
NA,239-247 High Road
NA,115 North West Coastal Highway
NA,93 Capel Drive
NA,14755 South Western Highway
NA,142 Dunreath Drive
NA,60 Bussell Highway
NA,24 Maitland Road
NA,4 Johnston Street
NA,11 Charlotte Street
NA,1230 Rosa Brook Road
NA,8222 South Western Highway
NA,46 Clarendon Street
NA,39 Moreton Tce
NA,7 Clementson Street
NA,125 Robinson Street
NA,520 Robinson Street
NA,5 Margerison Street
NA,21 Willis Street
NA,38 Peel Tce
NA,254 South Western Highway
NA,127 Giblett Street
NA,48 McLarty Street
NA,111 Morgans Street
NA,2 Brinsden Road
NA,1309 Lower Denmark Road
NA,2 Huston Street
NA,67 Lundy Ave
NA,54 Cumberland Road
NA,53 Emanuel Way
NA,Lot 277 Great Northern Highway
NA,18 Nockolds Street
NA,7 South Western Highway
NA,94 Ommaney Road
NA,328 Marine Tce
NA,12 Auger Way
NA,84 Strelly Street (Cnr Fairlawn Road)
NA,20 Great Eastern Highway
NA,2 Bayview Drive
NA,28 Blackwood Road
NA,143 Throssell Street
NA,65 Roberts Street
NA,40 Kent Street
NA,81 King Road
NA,14270 South Western Highway
NA,63 Avon Tce
NA,213 Harbour Road
NA,777 Great Northern Highway
NA,154 Albany Highway
NA,1615 Canning Road
NA,47 Albany Highway
NA,22 Bashford Street
NA,2263 Mandurah Road
NA,12425 Bussell Highway
NA,7 Hutton Street
NA,63 William Street
NA,103 Calista Ave
NA,2341 Albany Highway
NA,69-71 Wilson Street
NA,2 Cockatoo Street
NA,2 Cowle Street
NA,557 Albany Highway
NA,17 Brisbane Street (Cnr Pier Street)
NA,Cnr Pinjarra Road & Carey Street
NA,10805 Brand Highway
NA,639 Frenchmans Bay Road
NA,259 Railway Ave
NA,512 Rudds Gully Road
NA,43738 South Coast Highway
NA,119 Main Street
NA,16 Main Street
NA,1 Fortyn Ct
NA,74 Bashford Street
NA,Cnr Great Eastern Highway & Yilgarn Ave
NA,108 Great Northern Highway
NA,753 Geraldton-Mt Magnet Road
NA,48 Lowood Road
NA,20 Paterson Street
NA,22 Fairway Street
NA,Lot 315 Great Northern Highway
NA,49 Great Eastern Highway
NA,7 Mead Street
NA,1 Davison Street
NA,6 Beacham Road
NA,443 Great Eastern Highway
NA,6 Windy Harbour Road
NA,17 Zamia Street
NA,4 Bayonet Head Road (Cnr Lower King Road)
NA,31 Barlee Street
NA,10 Nockolds Street
NA,6947 South Western Highway
NA,52 Mitchell Road
NA,200 Mirrabooka Ave
NA,10 Orchard Ave
NA,229 Balcatta Road
NA,67 Ridge Bvd
NA,502 Guildford Road
NA,681 Albany Highway
NA,16-20 Clayton Street
NA,33 Belvidere Street
NA,7080 Forrest Highway
NA,1 Brittain Road
NA,265 Great Eastern Highway
NA,99 Causeway Road
NA,8 Kardan Bvd
NA,59 Hudson Street
NA,49 Norseman Road
NA,393 Canning Highway
NA,8 Repton Street
NA,61 Walter Road West
NA,Lot 6 Beckwith Road
NA,1400 Great Eastern Highway
NA,1182 Chapman Road
NA,16 Johnson Street
NA,1 Wishart Street
NA,216 Rockingham Road
NA,224 Clontarf Road
NA,81 Uduc Road
NA,81 Quill Way
NA,494 Kalamunda Road
NA,49 Candlewood Bvd
NA,26 Kalamunda Road
NA,9 Kayili Road
NA,77 Egan Street
NA,164 Brookton Highway
NA,157 Morley Drive
NA,2257 Victoria Highway
NA,32 Bandicoot Drive
NA,Cnr Mandurah Road & Beach Street
NA,220 Gnangara Road
NA,194 Canning Road
NA,2 Lynwood Ave
NA,137 Kelvin Road
NA,182 Wanneroo Road
NA,1896 Beach Road
NA,715 Pinjarra Road
NA,1182 South Western Highway
NA,25 Meadow Springs Drive
NA,5/4 Hughie Edwards Drive
NA,232-234 Morrison Road
NA,22 Anchorage Drive
NA,81 Guildford Road
NA,317 Albany Highway
NA,7060 Great Eastern Highway
NA,512 Rockingham Road
NA,170 Murdoch Drive
NA,6043 Forrest Highway
NA,2056 Wanneroo Road
NA,311 Fitzgerald Street
NA,5 Messmate Way
NA,8 Main Street
NA,60 Meares Ave
NA,204 Shiraz Bvd
NA,7 Maritana Street
NA,4 Remisko Drive
NA,770 Brookton Highway
NA,96 Great Eastern Highway
NA,1 Altitude Ave
NA,1540 Bussell Highway
NA,15323 Great Eastern Highway
NA,156 Brand Highway
NA,1383 Great Northern Highway
NA,162-170 Albany Highway
NA,1 Brady Street
NA,951 Wanneroo Road
NA,649-651 Safety Bay Road
NA,604 Welshpool Road East
NA,3 Manganese Street
NA,23 Kewdale Road
NA,3381 Great Eastern Highway
NA,1 Ikara Lane
NA,398 Hector Street
NA,40 Harbour Road
NA,10513 Brand Highway
NA,2 Clinch Road
NA,256 Deepdale Road
NA,120 Flores Road
NA,Cnr John Willcock Link & Portway
NA,57 Great Eastern Highway
NA,81 Oliver Street
NA,Lot 3 Great Northern Highway
NA,620 Chapman Road
NA,4641 Great Eastern Highway
NA,27 Company Road
NA,2 Falls Road
NA,12 Longstaff Ave
NA,2539 Great Northern Highway
NA,69 South Coast Highway
NA,147 Harbour Road
NA,472 Great Eastern Highway
NA,36 Welshpool Road
NA,102 Deepdale Road
NA,2095 Toodyay Road
NA,1100 Abernethy Road
NA,2 Jarrahdale Road
NA,629 Lower King Road
NA,31 Dreyer Street
NA,44 Egerton Street
NA,6519 Albany Highway
NA,101 Guy Street
NA,Lot 1 Newman Drive
NA,280 Fourth Street
NA,86 Avon Tce
NA,Lot 24 Albany Highway
NA,16 South Yunderup Road
NA,1287 Brookton Highway
NA,4 Cassidy Street
NA,309 Albany Highway
NA,178 South Western Highway
NA,335 Collier Road
NA,13 Whyalla Ct
NA,26 Davis Street
NA,49 Reid Road
NA,801-803 South Western Highway
NA,45 South Coast Highway
NA,916 Albany Highway
NA,3 Locke Lane
NA,9 Winterfold Road
NA,4 Walter Padbury Bvd
NA,150 Massingham Street
NA,410-412 Orrong Road
NA,138 Albany Highway
NA,2 Feilman Drive
NA,779 Gnangara Road
NA,1 Rose Street
NA,31763 Albany Highway
NA,791 Beaufort Street
NA,182 Leach Highway
NA,2038 Wanneroo Road
NA,31 Fitzgerald Street
NA,479 Scarborough Beach Road
NA,121 Quinns Road (Cnr Tapping Way)
NA,50 Rifle Range Road
NA,11 Wygonda Road
NA,49 Berrigan Drive
NA,Lot 101 Terrier Pl
NA,2 Servetus Street
NA,28 Northerly Street
NA,126 Forrest Road
NA,268 Great Eastern Highway
NA,309 Guildford Road
NA,168 Walter Road West
NA,495 Beechboro Road N
NA,169 Hampton Street
NA,375 Bussell Highway
NA,42 Strickland Street
NA,868 South Western Highway
NA,427 Charles Street
NA,1 Bayley Street
NA,45 South Western Highway
NA,114 Rockingham Road
NA,46 South Western Highway
NA,4 Ocean Street
NA,2 Rafferty Road
NA,430 Morley Drive
NA,9 McVicar Pl
NA,66 Sylvia Street
NA,58 George Street
NA,35 Blackburn Drive
NA,367 Caves Road
NA,333 Rockingham Road
NA,123 Thomas Street
NA,2086 Toodyay Road
NA,157 Grand Ent
NA,1447 Great Northern Highway
NA,964 Wanneroo Road
NA,89 South Western Highway
NA,124 Welshpool Road
NA,10428 Bussell Highway
NA,109 Barrington Street
NA,44 Mandurah Road
NA,2 Kalamunda Road
NA,1 Evans Road
NA,32 South Western Highway
NA,41 Angove Street
NA,260 Middleton Road
NA,225-227 Albany Highway
NA,1 Darch Street
NA,21 Jose Street
NA,19 Station Street
NA,7 Honeybee Pde
NA,3 Marvel Ent
NA,81-93 West Street
NA,2 Sepia Ct
NA,377 Wanneroo Road
NA,159 Altone Road
NA,918 Canning Highway
NA,2 Hollosy Way
NA,614 Baldivis Road
NA,91-93 Manning Road
NA,11 Headingly Cr
NA,Lot 22 South Western Highway
NA,510 Beach Road
NA,7 Ocean Keys Bvd
NA,191 Bailey Bvd
NA,112 Oakleigh Drive
NA,2 Baroy Street
NA,63 Alex Wood Drive
NA,2 Jon Sanders Drive
NA,2100 Albany Highway
NA,35 Minilya Pkwy
NA,967 Abernethy Road
NA,420 Joondalup Drive
NA,146 Boulder Road
NA,581 Hannan Street
NA,2 Fenton Street
NA,76 Malaga Drive
NA,1 Capital Road
NA,585 Canning Highway
NA,296 Benara Road
NA,7 Broadway
NA,868 Pinjarra Road
NA,240 Toodyay Road
NA,79 Buckingham Drive
NA,2 Bristol Street
NA,2 Cunningham Road
NA,18 Orchard Road
NA,131 Welsh Drive
NA,12-14 Cajarina Road
NA,1 Mandurah Road
NA,183-187 Mandurah Tce
NA,1 Wilfred Road
NA,180 The Promenade
NA,1 Canham Way
NA,342 Beaufort Street
NA,78 Old York Road
NA,128 West Coast Drive
NA,229B Hampton Road
NA,459 Nicholson Road
NA,4267 South Western Highway
NA,84 Strelly Street
NA,2507 Toodyay Road
NA,9 Norton Prom
NA,30215 Brand Highway
NA,4 Bayonet Head Road
NA,6 Pelias Street
NA,51 South Western Highway
NA,13 Stebbing Road
NA,1602 Pinjarra Road
NA,121 Quinns Road
NA,1369 Wanneroo Road
NA,6 Birnam Road
NA,159 Milner Road
NA,630 Karel Ave
NA,390 Nicholson Road
NA,1031 Mardie Road
NA,58 Montana Cres
NA,2 Wattleglen Ave
NA,370 Baldivis Road
NA,1133-1135 Albany Highway
NA,52 Thundelarra Drive
NA,1 South Street
NA,147-149 Grand Ent
NA,227 Morrison Road
NA,276 Port Drive
NA,370 Victoria Road
NA,9850 Forrest Highway
NA,137 Market Street
NA,133 Ghost Gum Bvd
NA,24 Dooley Street
NA,9 Pritchard Street
NA,3 Herdsman Lane
NA,83 Flores Road
NA,1 Harlond Ave
NA,24 Albany Highway
NA,5 Albina Ave
NA,Airport Drive (Cnr Paltridge Road)
NA,2533 Great Northern Highway
NA,13 Picton Road
NA,374 South Street
NA,17 Brisbane Street
NA,1/1163 Albany Highway
NA,8D Picton Road
NA,15 Albatross Cres
NA,Cnr Westfield Road & Ypres Road
NA,190 Railway Pde
NA,12 Erade Drive
NA,51 Tiffany Ctr
NA,115 Dixon Road
NA,302 Blair Street
NA,200 North Lake Road
