address,long,lat
"31 South Western Highway, PINJARRA , Western Australia",115.8938472,-32.6145387
"194 Great Eastern Highway, ASCOT , Western Australia",115.9400686,-31.9329157
"174 Balcatta Road, BALCATTA , Western Australia",115.8097253,-31.8598506
"102 Princess Road, BALGA , Western Australia",115.8375112,-31.8564856
"1/300 Joseph Banks Bvd, BANKSIA GROVE , Western Australia",115.8032209,-31.7031131
"302-318 Collier Road, BASSENDEAN , Western Australia",115.9421304,-31.9071577
"35 Port Kembla Drive, BIBRA LAKE , Western Australia",115.8012065,-32.1012766
"492 Marmion Street, BOORAGOON , Western Australia",115.8379295,-32.0364814
"270 Butler Bvd, BUTLER , Western Australia",115.6989813,-31.6373744
"25 Abernethy Road, BYFORD , Western Australia",115.9750366,-32.2192227
"215 Campbell Road, CANNING VALE , Western Australia",115.9199446,-32.0980751
"232 Orrong Road, CARLISLE , Western Australia",115.91805541255084,-31.97182365
"2131 West Swan Road, CAVERSHAM , Western Australia",115.978168,-31.8733655
"814 North Lake Road, COCKBURN CENTRAL , Western Australia",115.8467146,-32.1200534
"2 Haydock Street, FORRESTDALE , Western Australia",115.9578071,-32.1259167
"303 Corfield Street, GOSNELLS , Western Australia",115.9886829,-32.0808532
"13 Lakes Road, GREENFIELDS , Western Australia",115.7693875,-32.516753
"1 Eaglemont Street, GREENFIELDS , Western Australia",115.7532026,-32.5207908
"120 Yellowwood Ave, HARRISDALE , Western Australia",115.9256457,-32.1279025
"1256 Armadale Road, ARMADALE , Western Australia",115.9866245,-32.148061
"8 Buick Way, JOONDALUP , Western Australia",115.7649758,-31.7532914
"4 Church Street, KELMSCOTT , Western Australia",116.0177932,-32.1194558
"105 Champion Drive, KELMSCOTT , Western Australia",116.000332,-32.1295024
"8 Mullingar Way, LANDSDALE , Western Australia",115.8357837,-31.805382
"1969 Albany Highway, MADDINGTON , Western Australia",115.9753996,-32.0466998
"650 Marshall Road, MALAGA , Western Australia",115.9078726,-31.8572579
"324 The Broadway, ELLENBROOK , Western Australia",115.9690148,-31.7712001
"296 Pinjarra Road, MANDURAH , Western Australia",115.7166428,-32.5351937
"40-42 Great Northern Highway, MIDDLE SWAN , Western Australia",116.0143495,-31.8666033
"8 Clayton Street, MIDLAND , Western Australia",116.01282699305324,-31.8990741
"231 Morrison Road, MIDVALE , Western Australia",116.028185,-31.8860881
"162 Russell Street, MORLEY , Western Australia",115.8947289,-31.8965761
"235 Welshpool Road, QUEENS PARK , Western Australia",115.9506951,-31.9975838
"129 Dixon Road, EAST ROCKINGHAM , Western Australia",115.7827979,-32.2769592
"481 Balfour Street, SOUTHERN RIVER , Western Australia",115.94166616064638,-32.1064402
"660 Beeliar Drive, SUCCESS , Western Australia",115.8593059,-32.1277993
"125 Murdoch Road, THORNLIE , Western Australia",115.9437112,-32.0615519
"79 Gnangara Road, WANGARA , Western Australia",115.8341286,-31.8023005
"929-931 Wanneroo Road, WANNEROO , Western Australia",115.7599059,-31.6916696
"990 Wanneroo Road, WANNEROO , Western Australia",115.7126511,-31.6101151
"332 Hale Road, WATTLE GROVE , Western Australia",115.990561,-31.9980281
"86 South Coast Highway, ORANA , Western Australia",117.8645789,-35.0022374
"3 Armadale Road, JANDAKOT , Western Australia",115.8584087,-32.1235994
"Lot 602 Forrest Highway, WEST PINJARRA , Western Australia",,
"Lot 601 Forrest Highway, WEST PINJARRA , Western Australia",115.8142031,-32.6062722
"39 Bussell Highway, GELORUP , Western Australia",115.6366084,-33.4027143
"Lot 50 Mandurah Road, MEADOW SPRINGS , Western Australia",115.7554751,-32.4822941
"40 North West Coastal Highway, WONTHELLA , Western Australia",114.6246049,-28.7705916
"287 Place Road, WEBBERTON , Western Australia",114.6248808,-28.7593004
"3249 Albany Highway, ARMADALE , Western Australia",116.0211531,-32.1490124
"80 Old Coast Road, AUSTRALIND , Western Australia",115.7093768,-33.2925912
"59 Great Eastern Highway, BELLEVUE , Western Australia",116.0197492,-31.8929217
"69 Pinetree Gully Road, WILLETTON , Western Australia",115.8772818,-32.0609159
"1443 Albany Highway, CANNINGTON , Western Australia",115.9263031,-32.0113539
"121 Collins Road, WILLETTON , Western Australia",115.8966553,-32.055384
"226 Morrison Road, MIDVALE , Western Australia",116.028185,-31.8860881
"40 Benara Road, NORANDA , Western Australia",115.9096224,-31.8754474
"941 Whitfords Ave, WOODVALE , Western Australia",115.7870498,-31.7979744
"35 Albany Highway, ALBANY , Western Australia",117.8193953,-34.9638169
"848 Canning Highway, APPLECROSS , Western Australia",115.8432482604572,-32.01489425
"530 Canning Highway, ATTADALE , Western Australia",115.8133476,-32.0313245
"100-102 Blackwood Ave, AUGUSTA , Western Australia",115.158152,-34.3088422
"53 Erindale Road, BALCATTA , Western Australia",115.8106497,-31.8600744
"Lot 191 Paparone Road, BALDIVIS , Western Australia",115.8283831,-32.3138711
"Lot 192 Leary Road, BALDIVIS , Western Australia",,
"2/909 Mandurah Road, BALDIVIS , Western Australia",115.7818473,-32.3825703
"2 Illawarra Cres North, BALLAJURA , Western Australia",115.8822011,-31.8278673
"1084 Great Northern Highway, BASKERVILLE , Western Australia",116.0214061,-31.7953351
"701 Beeliar Drive, COCKBURN CENTRAL , Western Australia",115.8538936,-32.1285595
"261 Eddystone Ave, BELDON , Western Australia",115.7663968,-31.777062
"2 Wellard Street, BIBRA LAKE , Western Australia",115.8038995,-32.1038844
"2 Coghlan Street, DJUGUN , Western Australia",122.2373333,-17.9534707
"83 Wheatley Drive, BULL CREEK , Western Australia",115.8662623,-32.0568638
"26 Albert Street, BUSSELTON , Western Australia",115.3465158,-33.6517797
"13 Bannister Road, CANNING VALE , Western Australia",115.8928106,-32.0720281
"1134 North West Coastal Highway, BROWN RANGE , Western Australia",113.71239813902504,-24.8623956
"40 Bennett Street, CAVERSHAM , Western Australia",115.96017850049913,-31.8718017
"28K Caloundra Road, CLARKSON , Western Australia",115.722252,-31.6924959
"138 Loch Street, DERBY , Western Australia",123.6465936,-17.3092653
"210 Great Eastern Highway, ASCOT , Western Australia",115.9400686,-31.9329157
"2 Prendiville Ave, OCEAN REEF , Western Australia",115.7388827,-31.7528185
"44 Archer Street, CARLISLE , Western Australia",115.9139223,-31.9759103
"2 Sunlander Drive, CURRAMBINE , Western Australia",115.747384,-31.7249481
"68-70 Brown Street, EAST PERTH , Western Australia",115.8745688,-31.9509152
"190 Karrinyup Road, KARRINYUP , Western Australia",115.7758987,-31.8776806
"4 Chisham Ave, KWINANA TOWN CENTRE , Western Australia",115.8123954,-32.244183
"218 Main Street, OSBORNE PARK , Western Australia",115.8282144,-31.9060291
"2 Ridgewood Bvd, RIDGEWOOD , Western Australia",115.7249473,-31.6642939
"246 Leach Highway, MYAREE , Western Australia",115.8172354,-32.0460896
"349 Charles Street, NORTH PERTH , Western Australia",115.8510357,-31.9234194
"2 Warburton Ave, PADBURY , Western Australia",115.7655285,-31.811086
"214 Warnbro Sound Ave, WARNBRO , Western Australia",115.7620008,-32.358132
"222 Rockingham Road, SPEARWOOD , Western Australia",115.7827567,-32.1010754
"339 High Road, RIVERTON , Western Australia",115.8962915,-32.0386443
"2 Chalgrove Ave, ROCKINGHAM , Western Australia",115.7466503,-32.2844809
"9 Mends Street, SOUTH PERTH , Western Australia",115.8523863,-31.9726824
"810 Beeliar Drive, SUCCESS , Western Australia",115.8593059,-32.1277993
"261 Walter Road West, MORLEY , Western Australia",115.8944065,-31.8961967
"240 Cambridge Street, WEMBLEY , Western Australia",115.8114475,-31.9407457
"11 Scarborough Beach Road, SCARBOROUGH , Western Australia",115.7738031,-31.8939583
"1 Roy Earl Drive, COWARAMUP , Western Australia",115.1028205,-33.8558393
"7 Welshpool Road East, LESMURDIE , Western Australia",116.0470014,-32.0155012
"Lot 6 Great Eastern Highway, CUNDERDIN , Western Australia",117.3345629,-31.6430769
"44A South Coast Highway, DENMARK , Western Australia",117.435625,-34.96741
"19 Rodgers Street, DERBY , Western Australia",123.6521926,-17.3288677
"4 Wanneroo Road, YOKINE , Western Australia",115.8429905,-31.9023772
"15 South Western Highway, DONNYBROOK , Western Australia",115.8404084,-33.5795825
"238 Naturaliste Tce, DUNSBOROUGH , Western Australia",115.1059873,-33.6151791
"137 Dixon Road, EAST ROCKINGHAM , Western Australia",115.7875836,-32.2764283
"2 The Gateway, EDGEWATER , Western Australia",115.7738404,-31.763749
"484 Walter Road East, EMBLETON , Western Australia",115.9234673,-31.8950334
"2 Alex Wood Drive, FORRESTDALE , Western Australia",115.96600609594029,-32.141080650000006
"155 Hale Road, FORRESTFIELD , Western Australia",115.9995538,-31.9904816
"Lot 1662 Shenton Street, WEST END , Western Australia",,
"438 Hannan Street, KALGOORLIE , Western Australia",121.466493,-30.752875
"19 Coolibah Drive, GREENWOOD , Western Australia",115.8027998,-31.8338467
"2 Guava Way, HALLS HEAD , Western Australia",115.7004211,-32.5488967
"1520 Gnangara Road, HENLEY BROOK , Western Australia",115.9938975,-31.7956781
"68 Warton Road, HUNTINGDALE , Western Australia",115.9633666,-32.0735922
"2 Abello Bvd, JINDALEE , Western Australia",115.6898875,-31.636748
"110 Bashford Street, JURIEN BAY , Western Australia",115.04053282537336,-30.30362565
"248 Celebration Road, YILKARI , Western Australia",,
"Lot 35 Goldfields Highway, KAMBALDA EAST , Western Australia",121.6505074,-31.1967682
"88 Gilbertson Road, KARDINYA , Western Australia",115.8194143,-32.0647812
"1033 Mardie Road, KARRATHA INDUSTRIAL ESTATE , Western Australia",116.8612558,-20.7769247
"30 Balmoral Road, KARRATHA , Western Australia",116.8424468,-20.7357365
"Lot 9 Resource Road, GAP RIDGE , Western Australia",116.7671317,-20.7403093
"2907 Albany Highway, KELMSCOTT , Western Australia",116.0122621,-32.1033164
"48 Courtney Pl, WATTLE GROVE , Western Australia",115.9833414,-32.0074443
"549 Abernethy Road, KEWDALE , Western Australia",115.9390044,-31.9646949
"28 Koondoola Ave, KOONDOOLA , Western Australia",115.8628189,-31.8412849
"Cnr Stockman Road & Bull Run Road, KUNUNURRA , Western Australia",,
"230-234 Nicholson Road, LANGFORD , Western Australia",115.9316338,-32.0539872
"269 Kalamunda Road, MAIDA VALE , Western Australia",116.0195402,-31.9450842
"304 Pinjarra Road, MANDURAH , Western Australia",115.7166428,-32.5351937
"96 Giblett Street, MANJIMUP , Western Australia",116.1461786,-34.2417467
"73 Manning Road, MANNING , Western Australia",115.8764208,-32.012216
"360 Anchorage Drive North, MINDARIE , Western Australia",115.7094637,-31.677264
"153 Gardiner Street, MOORA , Western Australia",116.0087593,-30.6367173
"335 Walter Road West, MORLEY , Western Australia",115.8944065,-31.8961967
"25 Mitchell Road, MOUNT BARKER , Western Australia",117.517146,-34.5990594
"101 Dampier Av, MULLALOO , Western Australia",115.7420028,-31.7722736
"16 Tubada Street, MUNGLINUP , Western Australia",120.8611479,-33.7049514
"37 Federal Street, NARROGIN , Western Australia",117.1785538,-32.9410521
"1351 Rockingham Road, NAVAL BASE , Western Australia",115.782755,-32.1939102
"101 Great Northern Highway, NEWMAN , Western Australia",119.7725215,-23.3703587
"386 Scarborough Beach Road, INNALOO , Western Australia",115.7934324,-31.9006791
"Lot 2 Eyre Highway, NORSEMAN , Western Australia",121.7905254,-32.1770535
"85 Forrest Ave, SOUTH BUNBURY , Western Australia",115.6404594,-33.3363014
"84 Brockman Street, PEMBERTON , Western Australia",116.0323328,-34.4461606
"Lot 202 Wimbridge Road, PICTON , Western Australia",115.6966007,-33.3464223
"24 Wetherly Drive, PICTON , Western Australia",115.7081901,-33.3452063
"90 Anderson Street, PORT HEDLAND , Western Australia",118.5767464,-20.3130781
"46 Bakewell Drive, PORT KENNEDY , Western Australia",115.7592823,-32.3631297
"47 Morgans Street, RAVENSTHORPE , Western Australia",120.032641,-33.5824254
"419 Great Eastern Highway, REDCLIFFE , Western Australia",115.9559966,-31.9223051
"43 Hampton Street, BRIDGETOWN , Western Australia",116.1344196,-33.9667861
"30373 Brand Highway, DONGARA , Western Australia",114.9603806,-29.2525459
"18a South Western Highway, HARVEY , Western Australia",115.9099299,-32.9482273
"129 Stirling Highway, NEDLANDS , Western Australia",115.79826042416286,-31.9797524
"10895 Great Eastern Highway, SAWYERS VALLEY , Western Australia",116.2612106,-31.8851657
"188 Spencer Street, SOUTH BUNBURY , Western Australia",115.641149,-33.3451822
"2 Throssell Road, SOUTH HEDLAND , Western Australia",118.6011956,-20.409017
"30 Angove Road, SPENCER PARK , Western Australia",117.8922058,-35.0070223
"13724 Great Eastern Highway, THE LAKES , Western Australia",116.3171535,-31.8793921
"430 Safety Bay Road, SAFETY BAY , Western Australia",115.7114156,-32.3038391
"Cnr Pinga Street & Anthill Street, WEDGEFIELD , Western Australia",,
"1 Ballantyne Road, KEWDALE , Western Australia",115.9396976,-31.9829686
"11 Wilurarra Road, WEST KALGOORLIE , Western Australia",121.4332822,-30.7846126
"85 Queen Victoria Street, FREMANTLE , Western Australia",115.7520221,-32.0465792
"16 Albany Highway, WILLIAMS , Western Australia",116.8859415,-33.0389233
"190 North West Coastal Highway, WEBBERTON , Western Australia",114.6252057,-28.7589299
"380 Great Eastern Highway, WOODBRIDGE , Western Australia",115.9873385,-31.8922428
"80-82 Great Northern Highway, WUBIN , Western Australia",116.6803837,-30.0689686
"46458 South Coast Highway, KING RIVER , Western Australia",117.9156858,-34.9291721
"12 Bridgetown Road, BALINGUP , Western Australia",,
"64 Blackwood Ave, AUGUSTA , Western Australia",115.158152,-34.3088422
"177-179 Great Eastern Highway, BELLEVUE , Western Australia",116.0197492,-31.8929217
"25 Preston Street, COMO , Western Australia",115.8622883,-31.9937776
"21 Edgewater Drive, EDGEWATER , Western Australia",115.7897236,-31.7718296
"12440 Bussell Highway, KARRIDALE , Western Australia",115.09886034503776,-34.20211975
"3 Carson Road, MALAGA , Western Australia",115.8776744,-31.8554242
"211 Bussell Highway, MARGARET RIVER , Western Australia",115.0765952,-33.9597168
"Cnr Rockingham Road & Lee Road, NAVAL BASE , Western Australia",,
"177 O'Connor Road, STRATTON , Western Australia",116.0386993,-31.8717985
"150 Wanneroo Road, TUART HILL , Western Australia",115.8393995,-31.8934715
"21 Coronation Drive, BINNINGUP , Western Australia",115.6894655,-33.1499459
"8B South Western Highway, BOYANUP , Western Australia",115.7271388,-33.4736948
"3 Bandicoot Drive, KUNUNURRA , Western Australia",128.736145,-15.7818446
"634 Menang Drive, WILLYUNG , Western Australia",117.8802851,-34.9605891
"5 Cocos Drive, BIBRA LAKE , Western Australia",115.8084986,-32.1095391
"1 Spencer Street, BRIDGETOWN , Western Australia",116.1376595,-33.9612827
"124 Throssell Street, COLLIE , Western Australia",116.1626679,-33.3615962
"4267 South Western Highway (Cnr Del Park Road), NORTH DANDALUP , Western Australia",,
"2 Cunningham Road (Cnr Great Eastern Highway), WEST KALGOORLIE , Western Australia",,
"1540 Anderson Road, KARRATHA INDUSTRIAL ESTATE , Western Australia",116.8695368,-20.7757936
"Cnr Mandurah Road & Wellard Road, KWINANA BEACH , Western Australia",,
"76 Malaga Drive (Cnr Truganina Road), MALAGA , Western Australia",,
"54 Wetherell Street, MANJIMUP , Western Australia",116.1465413,-34.2566731
"12 Clayton Road, NARROGIN , Western Australia",117.0162767,-32.9200856
"131 Welsh Drive (Cnr Pardoo Drive), NEWMAN , Western Australia",,
"204 North Road, YAKAMIA , Western Australia",117.8729389,-35.0053366
"1 Wimbridge Road, PICTON , Western Australia",115.6966007,-33.3464223
"1 Princep Street, NORSEMAN , Western Australia",,
"Cnr North Mole Drive & Rous Head Road, NORTH FREMANTLE , Western Australia",,
"159 Altone Road (Cnr Hull Way), BEECHBORO , Western Australia",,
"918 Canning Highway (Cnr Kintail Road), APPLECROSS , Western Australia",,
"50 Mavis Road, BILINGURR , Western Australia",122.2401735,-17.9268283
"1 Forrest Ave, BUNBURY , Western Australia",115.6461278,-33.3404349
"115 Strelly Street, BUSSELTON , Western Australia",115.3489759,-33.6631886
"11 Headingly Cr (Cnr Connolly Drive), BUTLER , Western Australia",,
"Lot 22 South Western Highway (Cnr Nettleton Road), BYFORD , Western Australia",,
"1346 Albany Highway, CANNINGTON , Western Australia",115.9263031,-32.0113539
"510 Beach Road (Cnr Duffy Road), CARINE , Western Australia",,
"595 Robinson Street, KINGSFORD , Western Australia",,
"7 Ocean Keys Bvd (Cnr Marmion Ave), CLARKSON , Western Australia",,
"110-114 Bayley Street, COOLGARDIE , Western Australia",121.163342,-30.9546617
"191 Bailey Bvd (Cnr Dawesville Bypa), DAWESVILLE , Western Australia",,
"365 Scarborough Beach Road, DOUBLEVIEW , Western Australia",115.7808942,-31.8944946
"157 Lord Street, PERTH , Western Australia",115.8682494,-31.9512821
"1 Pratt Road, EATON , Western Australia",115.706587,-33.3133142
"112 Oakleigh Drive (Cnr Old Coast Road), ERSKINE , Western Australia",,
"59 Dempster Street, ESPERANCE , Western Australia",121.8901477,-33.8666922
"77 Maidstone Cr, EXMOUTH , Western Australia",114.127221,-21.9323954
"63 Alex Wood Drive (Cnr Armadale Road), FORRESTDALE , Western Australia",,
"2 Jon Sanders Drive (Cnr Harborne Street), GLENDALOUGH , Western Australia",,
"158 Corfield Street, GOSNELLS , Western Australia",115.9809239,-32.0742735
"35 Minilya Pkwy (Cnr Lakes Road), GREENFIELDS , Western Australia",,
"967 Abernethy Road (Cnr Grogan Road), HIGH WYCOMBE , Western Australia",,
"342 Beaufort Street (Cnr Bulwer Street), PERTH , Western Australia",,
"Lakeside Joondalup Shopping Centre, JOONDALUP , Western Australia",115.7675395,-31.7432271
"146 Boulder Road (Cnr Connolly Street), SOUTH KALGOORLIE , Western Australia",,
"Lot 3861 Bathgate Road, NICKOL , Western Australia",,
"2877 Albany Highway, KELMSCOTT , Western Australia",116.0122621,-32.1033164
"2 Fenton Street (Cnr Kewdale Road), KEWDALE , Western Australia",,
"86 Kingsley Drive, KINGSLEY , Western Australia",115.7871873,-31.8038516
"319 Vincent Street, LEEDERVILLE , Western Australia",115.8400891422811,-31.93667705
"18 Orchard Road (Cnr Kelvin Road), MADDINGTON , Western Australia",,
"375 Great Eastern Highway, MIDVALE , Western Australia",116.0262511,-31.8939611
"296 Benara Road (Cnr Beechboro Road North), MORLEY , Western Australia",,
"676 Stirling Highway, MOSMAN PARK , Western Australia",115.7555419,-32.011425
"5895 Great Eastern Highway, MUNDARING , Western Australia",116.2612106,-31.8851657
"10 Robson Way, MURDOCH , Western Australia",115.8361973,-32.0630668
"1 Broadway (Cnr Stirling Highway), NEDLANDS , Western Australia",,
"Lot 1328 Newman Drive, NEWMAN , Western Australia",119.7369398,-23.3572016
"2624 Wanneroo Road, NOWERGUP , Western Australia",115.7215378,-31.6319269
"391 Wanneroo Road, BALCATTA , Western Australia",115.8289525,-31.8668204
"309 Stock Road, O'CONNOR , Western Australia",115.793866,-32.0637616
"270 High Road, RIVERTON , Western Australia",115.8962915,-32.0386443
"111 Great Eastern Highway, RIVERVALE , Western Australia",115.9151476,-31.9525162
"29 Dixon Road, ROCKINGHAM , Western Australia",115.7678191,-32.2771046
"74 Scarborough Beach Road, SCARBOROUGH , Western Australia",115.7738031,-31.8939583
"420 Secret Harbour Bvd, SECRET HARBOUR , Western Australia",115.7595274,-32.408748
"67 Hamilton Road, SOUTH HEDLAND , Western Australia",118.5893385,-20.3915255
"194 Rokeby Road, SUBIACO , Western Australia",115.82423620803402,-31.9507285
"316 Spencer Road, THORNLIE , Western Australia",115.9592706,-32.0534747
"219 Yale Road, THORNLIE , Western Australia",115.9516471,-32.0515576
"2 Bristol Street (Cnr Warnbro Sound Ave), WARNBRO , Western Australia",,
"169 High Road, WILLETTON , Western Australia",115.8963647,-32.0387506
"436 Wanneroo Road, WESTMINSTER , Western Australia",115.8292092,-31.866972
"60 Bannister Road, CANNING VALE , Western Australia",115.92636960123896,-32.063284
"91-93 Manning Road (Cnr Wyong Road), BENTLEY , Western Australia",,
"382 Grand Prom, DIANELLA , Western Australia",115.8703755,-31.8955811
"2100 Albany Highway (Cnr Mills Street), GOSNELLS , Western Australia",,
"581 Hannan Street (Cnr Ochiltree Street), SOMERVILLE , Western Australia",,
"110 Ranford Road, CANNING VALE , Western Australia",115.9259592,-32.0930428
"2 Baroy Street (Cnr Old Coast Road), FALCON , Western Australia",,
"810 Beaufort Street, MOUNT LAWLEY , Western Australia",115.881731,-31.92519255
"537 Lake Road, SEVILLE GROVE , Western Australia",115.9880786,-32.1233334
"2 Omeo Street, SOUTH LAKE , Western Australia",115.828667,-32.1084228
"309 Morrison Road, SWAN VIEW , Western Australia",116.0424504,-31.8854853
"79 Buckingham Drive (Cnr Hartman Drive), WANGARA , Western Australia",,
"6639 West Swan Road, WEST SWAN , Western Australia",115.9866469,-31.8637344
"271 York Street, ALBANY , Western Australia",117.8834601,-35.0236144
"868 Pinjarra Road (Cnr Tonkin Drive), FURNISSDALE , Western Australia",,
"204 Great Eastern Highway, ASCOT , Western Australia",115.9400686,-31.9329157
"2 Hollosy Way (Cnr Pinjar Road), ASHBY , Western Australia",,
"614 Baldivis Road (Cnr Safety Bay Road), BALDIVIS , Western Australia",,
"303 Great Eastern Highway, BELMONT , Western Australia",115.9186142,-31.9489083
"176 Canning Highway, EAST FREMANTLE , Western Australia",115.7624646,-32.0410559
"490 Karrinyup Road, GWELUP , Western Australia",115.8001613,-31.8825087
"1 Capital Road (Cnr Alexander Drive), MALAGA , Western Australia",,
"585 Canning Highway (Cnr North Lake Road), ALFRED COVE , Western Australia",,
"240 Toodyay Road (Cnr Lewis Jones Crss), STRATTON , Western Australia",,
"56 Albany Highway, WILLIAMS , Western Australia",116.8859415,-33.0389233
"1 Morwell Street, YANCHEP , Western Australia",115.6440644,-31.5510204
"289 Beeliar Drive, YANGEBUP , Western Australia",115.8118548,-32.1282855
"12-14 Cajarina Road (Cnr Pardoo Street), WEDGEFIELD , Western Australia",,
"119 Kurnall Road, WELSHPOOL , Western Australia",115.9551381,-31.9953692
"259 Bussell Highway, WEST BUSSELTON , Western Australia",115.3203259,-33.6559696
"11 Shorehaven Bvd, ALKIMOS , Western Australia",115.677602,-31.6011275
"Cnr Grand Ent & The Promenade, AUSTRALIND , Western Australia",,
"317 Millhouse Road, AVELEY , Western Australia",115.9947283,-31.774496
"5 Hamelin Drive, BALLAJURA , Western Australia",115.9149094,-31.8475193
"162 Chester Pass Road, LANGE , Western Australia",117.8748242,-34.9910495
"Lot 68 Pennant Road, EAST BUNBURY , Western Australia",115.6576472,-33.3368879
"36 Duchess Street, BUSSELTON , Western Australia",115.3454967,-33.6486134
"15 Sarah Cl, CANNING VALE , Western Australia",115.9256016,-32.0733383
"25 Cecil Ave, CANNINGTON , Western Australia",115.9381628,-32.0166767
"90 Robinson Street, CARNARVON , Western Australia",113.660498,-24.880325
"1244 Marmion Ave, CURRAMBINE , Western Australia",115.739627,-31.7404588
"372 Grand Prom, DIANELLA , Western Australia",115.87160093917628,-31.89656205
"106 Frederick Street, DJUGUN , Western Australia",122.2285872,-17.9515577
"2 Recreation Drive, EATON , Western Australia",115.7175548,-33.3189212
"11 Main Street, ELLENBROOK , Western Australia",115.9715312,-31.7818962
"651 Old Coast Road, FALCON , Western Australia",115.6580664,-32.5862908
"5 Howtree Pl, FLOREAT , Western Australia",115.7929688,-31.9372711
"78C Hale Road, FORRESTFIELD , Western Australia",115.9995538,-31.9904816
"59 Cathedral Ave, GERALDTON , Western Australia",114.6111008,-28.7758017
"37 Canham Way, GREENWOOD , Western Australia",115.82043008021796,-31.82173015
"189 Winton Road, JOONDALUP , Western Australia",115.7627182,-31.7442742
"104 Brookman Street, KALGOORLIE , Western Australia",121.47451,-30.7436602
"Lot 1437 Warambie Road, KARRATHA , Western Australia",,
"6 Chisham Ave, KWINANA TOWN CENTRE , Western Australia",115.8123954,-32.244183
"77 Attfield Street, MADDINGTON , Western Australia",115.9765174,-32.0502208
"207 Burslem Drive, MADDINGTON , Western Australia",115.977118,-32.0491828
"168 Wanneroo Road (opp Giralt Road), MADELEY , Western Australia",,
"330 Pinjarra Road, MANDURAH , Western Australia",115.74335052828746,-32.5362034
"10-12 Magenta Tce, MANDURAH , Western Australia",115.7401445,-32.5096085
"89 Mottram Street, MANJIMUP , Western Australia",116.1439491,-34.2488897
"53 Yirrigan Drive, MIRRABOOKA , Western Australia",115.8614389,-31.8741582
"60 Russell Street, MORLEY , Western Australia",115.8947289,-31.8965761
"86 Wellington Street, NORTHAM , Western Australia",116.6752783,-31.6497852
"401 Scarborough Beach Road, OSBORNE PARK , Western Australia",115.8005736,-31.9036488
"150 Anderson Street, PORT HEDLAND , Western Australia",118.5767464,-20.3130781
"12 Saltaire Way, PORT KENNEDY , Western Australia",115.7555241,-32.3722098
"219 Hampton Road, SOUTH FREMANTLE , Western Australia",115.7575207,-32.0677524
"752 North Lake Road, SOUTH LAKE , Western Australia",115.8331338,-32.1126549
"466 Warton Road, SOUTHERN RIVER , Western Australia",115.942496,-32.0902892
"202 Warnbro Sound Ave, WARNBRO , Western Australia",115.7620008,-32.358132
"470 Whitfords Ave, HILLARYS , Western Australia",115.74564767099083,-31.79742605
"20 Windsor Road, WELLSTEAD , Western Australia",118.6095626,-34.4906445
"6672 Bussell Highway, CARBUNUP RIVER , Western Australia",,
"1014 North West Coastal Highway, BROWN RANGE , Western Australia",113.7019795,-24.8628973
"57 Goldfields Road, CASTLETOWN , Western Australia",121.9088519,-33.8371734
"16 Flinders Cct, CHADWICK , Western Australia",121.8816054,-33.842757
"12 Bald Island Road, CHEYNES , Western Australia",118.4062672,-34.8839219
"570 Rosedale Road, CHIDLOW , Western Australia",116.2423742,-31.84169
"342 Albany Highway, ORANA , Western Australia",117.8563862,-34.9918934
"250 Albany Highway, CENTENNIAL PARK , Western Australia",117.8790032,-35.0177779
"269 South Western Highway, ARMADALE , Western Australia",116.0179116,-32.1565935
"1001 Joondalup Drive, BANKSIA GROVE , Western Australia",115.8050308,-31.7035455
"34 Jackson Street, BAYSWATER , Western Australia",115.9271043,-31.9062535
"8 Durnin Ave, BEELIAR , Western Australia",115.7963185,-32.1281298
"1128 Albany Highway, BENTLEY , Western Australia",115.9236938,-32.0072457
"1 Timberyard Way, BIBRA LAKE , Western Australia",115.8071302,-32.1167991
"394 Canning Highway, BICTON , Western Australia",115.7927872,-32.0340953
"35 Frank Street, BOULDER , Western Australia",121.4853233,-30.7662508
"71 Cranford Ave, BRENTWOOD , Western Australia",115.8534724,-32.0410616
"19 Napier Tce, BROOME , Western Australia",122.2405115,-17.9549697
"44 Benningfield Road, BULL CREEK , Western Australia",115.8587781,-32.0656348
"9805 Forrest Highway, GLEN IRIS , Western Australia",115.6768497,-33.3363101
"70 Forrest Ave, SOUTH BUNBURY , Western Australia",115.6460272,-33.3406813
"88 Causeway Road, BUSSELTON , Western Australia",115.3568658,-33.6616414
"61 Butler Bvd, BUTLER , Western Australia",115.6989813,-31.6373744
"280 Bannister Road, CANNING VALE , Western Australia",115.8950161,-32.0710784
"1 Johnson Road, BERTRAM , Western Australia",115.8476453,-32.2370768
"269 Stirling Highway, CLAREMONT , Western Australia",115.7847376,-31.982377
"36 Ocean Keys Bvd, CLARKSON , Western Australia",115.717767,-31.6900111
"223 Belmont Ave, CLOVERDALE , Western Australia",115.9329183,-31.9653072
"57 Johnston Street, COLLIE , Western Australia",116.1536764,-33.357514
"47 Church Road, DAMPIER , Western Australia",116.710415,-20.6623976
"67 Walter Road West, DIANELLA , Western Australia",115.8892678,-31.89956
"193 Warwick Road, DUNCRAIG , Western Australia",115.7827833,-31.8358682
"64 Dunn Bay Road, DUNSBOROUGH , Western Australia",115.1070655,-33.6157233
"57 Joondalup Drive, EDGEWATER , Western Australia",115.7740543,-31.7629911
"3 Goodwood Cres, ELLENBROOK , Western Australia",115.9596135,-31.7747928
"25 Andrew Street, ESPERANCE , Western Australia",121.8906874,-33.861317
"87 Great Northern Highway, FITZROY CROSSING , Western Australia",125.5716135,-18.2032038
"2 Strelitzia Ave, FORRESTFIELD , Western Australia",116.0087412,-31.9842814
"101 Hampton Road, FREMANTLE , Western Australia",115.7561012,-32.059132
"60 Marangaroo Drive, GIRRAWHEEN , Western Australia",115.8388554,-31.8344289
"14 Guava Way, HALLS HEAD , Western Australia",115.7036291,-32.5487322
"3 Guildford Road, MOUNT LAWLEY , Western Australia",115.8769923,-31.9382534
"6 Jersey Street, JOLIMONT , Western Australia",115.8119809,-31.9473616
"222 Manning Road, KARAWARA , Western Australia",115.8764843,-32.0121016
"6 Madigan Road, STOVE HILL , Western Australia",116.776574,-20.7947972
"13 Searipple Road, KARRATHA , Western Australia",116.8486436,-20.7278586
"518 Abernethy Road, KEWDALE , Western Australia",115.9390044,-31.9646949
"47 Renegade Way, KINGSLEY , Western Australia",115.8029111,-31.8197135
"17 Poinciana Street, KUNUNURRA , Western Australia",128.73355,-15.7807528
"4 Beach Street, KWINANA BEACH , Western Australia",115.776389,-32.2433045
"49 Banksiadale Gte, LAKELANDS , Western Australia",115.765426,-32.4694529
"70 Nicholson Road, LANGFORD , Western Australia",115.9316338,-32.0539872
"29/51 Farrington Street, LEEMING , Western Australia",,
"117 Burslem Drive, MADDINGTON , Western Australia",115.977118,-32.0491828
"492 Alexander Drive, MALAGA , Western Australia",115.8775454,-31.8532147
"Cnr Pinjarra Road & Watson Drive, BARRAGUP , Western Australia",,
"78 Bussell Highway, MARGARET RIVER , Western Australia",115.08771,-33.9820034
"Lot 821 Main Street, MEEKATHARRA , Western Australia",118.4982578,-26.5864472
"Lot 46 Great Northern Highway, MIDDLE SWAN , Western Australia",116.0143495,-31.8666033
"582 Stirling Highway, MOSMAN PARK , Western Australia",115.7555419,-32.011425
"253 Walcott Street, NORTH PERTH , Western Australia",115.8590976,-31.923344
"1 The Esplanade, MOUNT PLEASANT , Western Australia",115.8593796,-32.040763
"69 North Lake Road, MYAREE , Western Australia",115.815813,-32.0461401
"10 Beamish Ave, NORTHAM , Western Australia",116.670268,-31.6578901
"6 Marina Bvd, OCEAN REEF , Western Australia",115.7502951,-31.7675958
"11 Roberts Street West, OSBORNE PARK , Western Australia",115.8189265,-31.9077843
"80 Carrington Street, PALMYRA , Western Australia",115.7794735,-32.0481656
"480 William Street, PERTH , Western Australia",115.8631379,-31.9430023
"Lot 2065 Wilson Street, PORT HEDLAND , Western Australia",,
"205 West Coast Highway, SCARBOROUGH , Western Australia",115.7575546,-31.8901435
"492 Mandurah Road, SINGLETON , Western Australia",115.7633097,-32.4473666
"Lot 5553 Great Northern Highway, WEDGEFIELD , Western Australia",,
"3 Canning Highway, SOUTH PERTH , Western Australia",115.8710401,-31.9885559
"216 Lakey Street, SOUTHERN RIVER , Western Australia",115.9471817,-32.0905357
"2 Fortyn Ct, MAHOMETS FLATS , Western Australia",114.6161075,-28.7912318
"1333 Great Northern Highway, UPPER SWAN , Western Australia",116.0370663,-31.7571907
"2 Napoleon Prom, VASSE , Western Australia",115.25125705028978,-33.675003149999995
"66 Kent Street, EAST VICTORIA PARK , Western Australia",115.8930714,-31.9878426
"1-9 Gnangara Drive, WAIKIKI , Western Australia",115.7531554,-32.3155082
"1 Niche Pde, WANGARA , Western Australia",115.8523617,-31.7916712
"621 Wanneroo Road, WANNEROO , Western Australia",115.7126511,-31.6101151
"274 Erindale Road, WARWICK , Western Australia",115.8140767,-31.8339416
"337 Cambridge Street, WEMBLEY , Western Australia",115.8231341,-31.9407697
"30 Thomas Street, WEST PERTH , Western Australia",115.83967439228756,-31.9457159
"88 Champion Drive, SEVILLE GROVE , Western Australia",116.005197,-32.1336563
"239-247 High Road, WILLETTON , Western Australia",115.9012309,-32.0387669
"115 North West Coastal Highway, WONTHELLA , Western Australia",114.6243222,-28.7689747
"93 Capel Drive, CAPEL , Western Australia",115.5537562,-33.5520903
"14755 South Western Highway, PICTON EAST , Western Australia",115.7409785,-33.3372518
"142 Dunreath Drive, PERTH AIRPORT , Western Australia",115.9518493,-31.9403602
"60 Bussell Highway, COWARAMUP , Western Australia",115.0949981,-33.8661695
"24 Maitland Road, MULLEWA , Western Australia",115.5126132,-28.5394873
"4 Johnston Street, DALWALLINU , Western Australia",116.6624524,-30.2688261
"11 Charlotte Street, DARDANUP , Western Australia",115.7542758,-33.3999865
"1230 Rosa Brook Road, ROSA BROOK , Western Australia",,
"8222 South Western Highway, WAROONA , Western Australia",115.9048126,-32.9329746
"46 Clarendon Street, DERBY , Western Australia",123.62938279411028,-17.3048265
"39 Moreton Tce, DONGARA , Western Australia",114.931089,-29.2514746
"7 Clementson Street, BROOME , Western Australia",122.2221567,-17.9714517
"125 Robinson Street, MORGANTOWN , Western Australia",113.6609117,-24.8782995
"520 Robinson Street, KINGSFORD , Western Australia",,
"5 Margerison Street, MANJIMUP , Western Australia",116.1462491,-34.2591973
"21 Willis Street, NEWMAN , Western Australia",119.734478,-23.3702035
"38 Peel Tce, NORTHAM , Western Australia",116.6827978,-31.6504977
"254 South Western Highway, PICTON , Western Australia",115.6946165,-33.351176
"127 Giblett Street, MANJIMUP , Western Australia",116.1461786,-34.2417467
"48 McLarty Street, DWELLINGUP , Western Australia",116.0652894,-32.7136655
"111 Morgans Street, RAVENSTHORPE , Western Australia",120.032641,-33.5824254
"2 Brinsden Road, WEST KALGOORLIE , Western Australia",121.4307203,-30.7768981
"1309 Lower Denmark Road, ELLEKER , Western Australia",117.7233094,-35.0080812
"2 Huston Street, EXMOUTH , Western Australia",114.1259475,-21.9378463
"67 Lundy Ave, CUNDERDIN , Western Australia",117.2376683,-31.6498354
"54 Cumberland Road, FORRESTFIELD , Western Australia",116.0117742,-31.9938304
"53 Emanuel Way, FITZROY CROSSING , Western Australia",125.5691474,-18.1975427
"Lot 277 Great Northern Highway, FITZROY CROSSING , Western Australia",,
"18 Nockolds Street, WALPOLE , Western Australia",116.7310162,-34.9764696
"7 South Western Highway, DONNYBROOK , Western Australia",115.8404084,-33.5795825
"94 Ommaney Road, BRUNSWICK , Western Australia",115.8387182,-33.2540829
"328 Marine Tce, GEOGRAPHE , Western Australia",115.3737819,-33.638357
"12 Auger Way, MARGARET RIVER , Western Australia",115.0717043,-33.9655678
"84 Strelly Street (Cnr Fairlawn Road), BUSSELTON , Western Australia",,
"20 Great Eastern Highway, GLEN FORREST , Western Australia",116.1039143,-31.903042
"2 Bayview Drive, GRACETOWN , Western Australia",114.9871306,-33.8658486
"28 Blackwood Road, GREENBUSHES , Western Australia",116.0598878,-33.850445
"143 Throssell Street, COLLIE , Western Australia",116.1626679,-33.3615962
"65 Roberts Street, MOORA , Western Australia",116.0038958,-30.6269676
"40 Kent Street, ROCKINGHAM , Western Australia",115.7460498,-32.2647318
"81 King Road, EAST BUNBURY , Western Australia",115.6538997,-33.332456
"14270 South Western Highway, WATERLOO , Western Australia",115.7702837,-33.3238663
"63 Avon Tce, YORK , Western Australia",116.7682663,-31.8934123
"213 Harbour Road, CHADWICK , Western Australia",121.8864281,-33.8464121
"777 Great Northern Highway, HERNE HILL , Western Australia",116.0156677,-31.8407455
"154 Albany Highway, KOJONUP , Western Australia",117.1899241,-33.9430554
"1615 Canning Road, KARRAGULLEN , Western Australia",116.1170796,-32.0981314
"47 Albany Highway, KOJONUP , Western Australia",117.1899241,-33.9430554
"22 Bashford Street, JURIEN BAY , Western Australia",115.0458764,-30.3015395
"2263 Mandurah Road, KARNUP , Western Australia",115.774048,-32.4058375
"12425 Bussell Highway, KARRIDALE , Western Australia",115.0997219,-34.2006399
"7 Hutton Street, OSBORNE PARK , Western Australia",115.820669,-31.9017533
"63 William Street, BECKENHAM , Western Australia",115.9646597,-32.0141337
"103 Calista Ave, CALISTA , Western Australia",115.8070906,-32.2528023
"2341 Albany Highway, GOSNELLS , Western Australia",116.0132116,-32.0928915
"69-71 Wilson Street, KALGOORLIE , Western Australia",121.4748179,-30.7526432
"2 Cockatoo Street, NICKOL , Western Australia",116.8077631,-20.7464046
"2 Cowle Street, LANDSDALE , Western Australia",,
"557 Albany Highway, ALBANY , Western Australia",117.8193953,-34.9638169
"17 Brisbane Street (Cnr Pier Street), PERTH , Western Australia",,
"Cnr Pinjarra Road & Carey Street, PINJARRA , Western Australia",,
"10805 Brand Highway, CATABY , Western Australia",115.5658738,-30.7704043
"639 Frenchmans Bay Road, LITTLE GROVE , Western Australia",,
"259 Railway Ave, KELMSCOTT , Western Australia",116.0126097,-32.1118623
"512 Rudds Gully Road, NARNGULU , Western Australia",114.6946666,-28.8181769
"43738 South Coast Highway, MANYPEAKS , Western Australia",118.1723619,-34.838574
"119 Main Street, MEEKATHARRA , Western Australia",118.4982578,-26.5864472
"16 Main Street, MEEKATHARRA , Western Australia",118.4982578,-26.5864472
"1 Fortyn Ct, MAHOMETS FLATS , Western Australia",114.6166799,-28.7912952
"74 Bashford Street, JURIEN BAY , Western Australia",115.0373403,-30.3061814
"Cnr Great Eastern Highway & Yilgarn Ave, MALABAINE , Western Australia",,
"108 Great Northern Highway, WUBIN , Western Australia",116.6803837,-30.0689686
"753 Geraldton-Mt Magnet Road, MOONYOONOOKA , Western Australia",114.6895115,-28.7910196
"48 Lowood Road, MOUNT BARKER , Western Australia",117.6623435,-34.6278192
"20 Paterson Street, MUNDIJONG , Western Australia",115.9891438,-32.2874157
"22 Fairway Street, NARROGIN , Western Australia",117.1797139,-32.9410817
"Lot 315 Great Northern Highway, FITZROY CROSSING , Western Australia",125.4031393,-18.0914602
"49 Great Eastern Highway, BELLEVUE , Western Australia",116.0197492,-31.8929217
"7 Mead Street, KALAMUNDA , Western Australia",116.05930732675,-31.97358325
"1 Davison Street, MADDINGTON , Western Australia",115.9886732,-32.0453632
"6 Beacham Road, RAVENSWOOD , Western Australia",115.8397075,-32.609013
"443 Great Eastern Highway, REDCLIFFE , Western Australia",115.9464861,-31.9293567
"6 Windy Harbour Road, NORTHCLIFFE , Western Australia",116.1189695,-34.6488533
"17 Zamia Street, NORTHCLIFFE , Western Australia",116.1195317,-34.6330855
"4 Bayonet Head Road (Cnr Lower King Road), ALBANY , Western Australia",,
"31 Barlee Street, BUSSELTON , Western Australia",115.347163,-33.6611603
"10 Nockolds Street, WALPOLE , Western Australia",116.7350616,-34.9754012
"6947 South Western Highway, COOLUP , Western Australia",115.8915701,-32.7805231
"52 Mitchell Road, PRESTON BEACH , Western Australia",115.6578103,-32.882261
"200 Mirrabooka Ave, ALEXANDER HEIGHTS , Western Australia",115.85404063179776,-31.8297233
"10 Orchard Ave, ARMADALE , Western Australia",116.0145823,-32.1500693
"229 Balcatta Road, BALCATTA , Western Australia",115.8021455,-31.8565793
"67 Ridge Bvd, BALDIVIS , Western Australia",115.8077808,-32.3537278
"502 Guildford Road, BAYSWATER , Western Australia",115.8896396,-31.9319307
"681 Albany Highway, BEDFORDALE , Western Australia",116.0271782,-32.1499135
"16-20 Clayton Street, BELLEVUE , Western Australia",116.02825403149367,-31.9010064
"33 Belvidere Street, BELMONT , Western Australia",115.9396016,-31.9464975
"7080 Forrest Highway, BINNINGUP , Western Australia",115.7200392,-33.1486761
"1 Brittain Road, CAREY PARK , Western Australia",115.6459554,-33.3597468
"265 Great Eastern Highway, BURSWOOD , Western Australia",115.8906688,-31.966017
"99 Causeway Road, BUSSELTON , Western Australia",115.3568658,-33.6616414
"8 Kardan Bvd, BYFORD , Western Australia",115.9779297,-32.207361
"59 Hudson Street, GREYS PLAIN , Western Australia",113.6980493,-24.882079
"49 Norseman Road, CASTLETOWN , Western Australia",121.896497,-33.8324951
"393 Canning Highway, COMO , Western Australia",115.865604,-31.9950241
"8 Repton Street, DAYTON , Western Australia",115.96860439207909,-31.85108475
"61 Walter Road West, DIANELLA , Western Australia",115.8892678,-31.89956
"Lot 6 Beckwith Road, CHADWICK , Western Australia",121.8839021,-33.8427538
"1400 Great Eastern Highway, GLEN FORREST , Western Australia",116.1039143,-31.903042
"1182 Chapman Road, GLENFIELD , Western Australia",114.6221592,-28.6713726
"16 Johnson Street, GUILDFORD , Western Australia",115.9687666,-31.8993678
"1 Wishart Street, GWELUP , Western Australia",115.7989375,-31.8764983
"216 Rockingham Road, HAMILTON HILL , Western Australia",115.7828414,-32.0932687
"224 Clontarf Road, HAMILTON HILL , Western Australia",115.7740317,-32.0756929
"81 Uduc Road, HARVEY , Western Australia",115.8970209,-33.0806369
"81 Quill Way, HENDERSON , Western Australia",115.7788308,-32.1591285
"494 Kalamunda Road, HIGH WYCOMBE , Western Australia",115.9986841,-31.9313182
"49 Candlewood Bvd, JOONDALUP , Western Australia",115.7645026,-31.7294398
"26 Kalamunda Road, KALAMUNDA , Western Australia",116.0519077606578,-31.97544535
"9 Kayili Road, WEST KALGOORLIE , Western Australia",121.4304203,-30.7853293
"77 Egan Street, KALGOORLIE , Western Australia",121.4727417,-30.7491935
"164 Brookton Highway, KARRAGULLEN , Western Australia",116.0956812,-32.0978872
"157 Morley Drive, KIARA , Western Australia",115.939837,-31.8875658
"2257 Victoria Highway, KUNUNURRA , Western Australia",128.7590829,-15.7927948
"32 Bandicoot Drive, KUNUNURRA , Western Australia",128.736145,-15.7818446
"Cnr Mandurah Road & Beach Street, KWINANA BEACH , Western Australia",,
"220 Gnangara Road, LANDSDALE , Western Australia",115.8596318,-31.7949746
"194 Canning Road, LESMURDIE , Western Australia",116.0676647,-32.0005252
"2 Lynwood Ave, LYNWOOD , Western Australia",115.9266233,-32.0355067
"137 Kelvin Road, MADDINGTON , Western Australia",116.0054293,-32.0303425
"182 Wanneroo Road, MADELEY , Western Australia",115.82117204994388,-31.8188341
"1896 Beach Road, MALAGA , Western Australia",115.8931648,-31.8553279
"715 Pinjarra Road, BARRAGUP , Western Australia",,
"1182 South Western Highway, MANJIMUP , Western Australia",116.149258,-34.2362667
"25 Meadow Springs Drive, MEADOW SPRINGS , Western Australia",115.7522329,-32.4967021
"5/4 Hughie Edwards Drive, MERRIWA , Western Australia",115.7091467,-31.6579614
"232-234 Morrison Road, MIDVALE , Western Australia",116.028185,-31.8860881
"22 Anchorage Drive, MINDARIE , Western Australia",115.7038879,-31.6857753
"81 Guildford Road, MOUNT LAWLEY , Western Australia",115.8798447,-31.9371503
"317 Albany Highway, MOUNT MELVILLE , Western Australia",117.8662171,-35.0045789
"7060 Great Eastern Highway, MUNDARING , Western Australia",116.0446237,-31.9013825
"512 Rockingham Road, MUNSTER , Western Australia",115.7898875,-32.1458873
"170 Murdoch Drive, MURDOCH , Western Australia",115.8430577056184,-32.07917835
"6043 Forrest Highway, MYALUP , Western Australia",115.7231647,-33.1066685
"2056 Wanneroo Road, NEERABUP , Western Australia",115.7410023,-31.6705147
"311 Fitzgerald Street, WEST PERTH , Western Australia",115.8542827,-31.9429816
"5 Messmate Way, KUNUNURRA , Western Australia",128.7398907,-15.7782348
"8 Main Street, OSBORNE PARK , Western Australia",115.8284098,-31.913625
"60 Meares Ave, KWINANA TOWN CENTRE , Western Australia",115.8167817,-32.2471435
"204 Shiraz Bvd, PEARSALL , Western Australia",115.8274221,-31.7852909
"7 Maritana Street, PICCADILLY , Western Australia",121.4704477,-30.742965
"4 Remisko Drive, FORRESTDALE , Western Australia",115.9743127,-32.1422043
"770 Brookton Highway, ROLEYSTONE , Western Australia",116.0832658,-32.1157007
"96 Great Eastern Highway, SAWYERS VALLEY , Western Australia",116.2612106,-31.8851657
"1 Altitude Ave, PORT HEDLAND , Western Australia",118.6105972,-20.3847169
"1540 Bussell Highway, STRATHAM , Western Australia",115.5940511,-33.4703918
"15323 Great Eastern Highway, TAMMIN , Western Australia",117.6278358,-31.6203308
"156 Brand Highway, TARCOOLA BEACH , Western Australia",114.6208981,-28.8027948
"1383 Great Northern Highway, UPPER SWAN , Western Australia",116.0370663,-31.7571907
"162-170 Albany Highway, VICTORIA PARK , Western Australia",115.899741,-31.9794928
"1 Brady Street, WANGARA , Western Australia",115.8195502,-31.7856886
"951 Wanneroo Road, WANNEROO , Western Australia",115.7126511,-31.6101151
"649-651 Safety Bay Road, WARNBRO , Western Australia",115.7512622,-32.3261998
"604 Welshpool Road East, WATTLE GROVE , Western Australia",115.9933812,-32.0074062
"3 Manganese Street, WEDGEFIELD , Western Australia",118.5934095,-20.3760906
"23 Kewdale Road, WELSHPOOL , Western Australia",115.9437887,-31.9952085
"3381 Great Eastern Highway, WUNDOWIE , Western Australia",116.3619468,-31.806759
"1 Ikara Lane, YANCHEP , Western Australia",,
"398 Hector Street, YOKINE , Western Australia",115.8528392,-31.9042607
"40 Harbour Road, GREYS PLAIN , Western Australia",113.695925,-24.8829903
"10513 Brand Highway, CATABY , Western Australia",115.5658738,-30.7704043
"2 Clinch Road, DALWALLINU , Western Australia",116.6634986,-30.2741375
"256 Deepdale Road, MERU , Western Australia",114.6913003,-28.8008632
"120 Flores Road, WEBBERTON , Western Australia",114.6295498,-28.7536322
"Cnr John Willcock Link & Portway, WEST END , Western Australia",,
"57 Great Eastern Highway, MECKERING , Western Australia",117.00152,-31.6461781
"81 Oliver Street, MEEKATHARRA , Western Australia",118.4994818,-26.5940395
"Lot 3 Great Northern Highway, PORT HEDLAND , Western Australia",118.663981,-20.3912312
"620 Chapman Road, GLENFIELD , Western Australia",114.6273591,-28.7196691
"4641 Great Eastern Highway, BAKERS HILL , Western Australia",116.4671075,-31.7428018
"27 Company Road, SOUTH GREENOUGH , Western Australia",114.7741799,-28.9845726
"2 Falls Road, SERPENTINE , Western Australia",115.9915173,-32.3644188
"12 Longstaff Ave, ALKIMOS , Western Australia",115.6915752,-31.6275384
"2539 Great Northern Highway, BULLSBROOK , Western Australia",116.0329888,-31.6843534
"69 South Coast Highway, DENMARK , Western Australia",117.435625,-34.96741
"147 Harbour Road, CHADWICK , Western Australia",121.8864281,-33.8464121
"472 Great Eastern Highway, ASCOT , Western Australia",115.9400686,-31.9329157
"36 Welshpool Road, WELSHPOOL , Western Australia",115.9192965,-31.9936097
"102 Deepdale Road, MERU , Western Australia",114.6913003,-28.8008632
"2095 Toodyay Road, GIDGEGANNUP , Western Australia",116.1279746,-31.8203756
"1100 Abernethy Road, HIGH WYCOMBE , Western Australia",115.9946382,-31.9302542
"2 Jarrahdale Road, JARRAHDALE , Western Australia",116.0569589,-32.3345696
"629 Lower King Road, LOWER KING , Western Australia",117.9357186,-34.9537705
"31 Dreyer Street, MECKERING , Western Australia",117.0069232,-31.6311881
"44 Egerton Street, NARROGIN , Western Australia",117.1780897,-32.9334448
"6519 Albany Highway, NORTH BANNISTER , Western Australia",116.4220687,-32.5564626
"101 Guy Street, BROOME , Western Australia",122.2367791,-17.9655844
"Lot 1 Newman Drive, NEWMAN , Western Australia",119.7369398,-23.3572016
"280 Fourth Street, WONTHELLA , Western Australia",114.6336715,-28.7643376
"86 Avon Tce, YORK , Western Australia",116.7682663,-31.8934123
"Lot 24 Albany Highway, WILLIAMS , Western Australia",116.8859415,-33.0389233
"16 South Yunderup Road, SOUTH YUNDERUP , Western Australia",115.7806522,-32.5845472
"1287 Brookton Highway, KARRAGULLEN , Western Australia",116.1456944,-32.1148281
"4 Cassidy Street, KALGOORLIE , Western Australia",121.4728509,-30.7480996
"309 Albany Highway, MOUNT MELVILLE , Western Australia",117.8668012337838,-35.0056065
"178 South Western Highway, ARMADALE , Western Australia",116.0179116,-32.1565935
"335 Collier Road, BASSENDEAN , Western Australia",115.9421304,-31.9071577
"13 Whyalla Ct, BIBRA LAKE , Western Australia",115.8026817,-32.0951297
"26 Davis Street, BOULDER , Western Australia",121.4689088,-30.7783226
"49 Reid Road, CABLE BEACH , Western Australia",122.2152599,-17.9539539
"801-803 South Western Highway, BYFORD , Western Australia",116.0061448,-32.2308896
"45 South Coast Highway, DENMARK , Western Australia",117.435625,-34.96741
"916 Albany Highway, EAST VICTORIA PARK , Western Australia",115.900951,-31.9814029
"3 Locke Lane, ELLENBROOK , Western Australia",115.968082,-31.7795423
"9 Winterfold Road, HAMILTON HILL , Western Australia",115.7914361,-32.0747411
"4 Walter Padbury Bvd, PADBURY , Western Australia",115.7748802,-31.8162281
"150 Massingham Street, KELLERBERRIN , Western Australia",,
"410-412 Orrong Road, KEWDALE , Western Australia",115.9216609,-31.974345
"138 Albany Highway, KOJONUP , Western Australia",117.1899241,-33.9430554
"2 Feilman Drive, LEDA , Western Australia",115.8055172,-32.2596526
"779 Gnangara Road, LEXIA , Western Australia",115.8876599,-31.7956269
"1 Rose Street, MANJIMUP , Western Australia",116.1419778,-34.2466401
"31763 Albany Highway, MOUNT BARKER , Western Australia",117.656785,-34.6033841
"791 Beaufort Street, MOUNT LAWLEY , Western Australia",115.88018933033578,-31.92594775
"182 Leach Highway, MYAREE , Western Australia",115.8172354,-32.0460896
"2038 Wanneroo Road, NEERABUP , Western Australia",115.7410023,-31.6705147
"31 Fitzgerald Street, NORTHBRIDGE , Western Australia",115.85234929511056,-31.94555615
"479 Scarborough Beach Road, OSBORNE PARK , Western Australia",115.8021549,-31.9037634
"121 Quinns Road (Cnr Tapping Way), QUINNS ROCKS , Western Australia",,
"50 Rifle Range Road, RANGEWAY , Western Australia",114.6293431,-28.7840873
"11 Wygonda Road, ROLEYSTONE , Western Australia",116.0708569,-32.112534
"49 Berrigan Drive, SOUTH LAKE , Western Australia",115.8374714,-32.113366
"Lot 101 Terrier Pl, SOUTHERN RIVER , Western Australia",115.9559477,-32.1204069
"2 Servetus Street, SWANBOURNE , Western Australia",115.7670223,-31.97625
"28 Northerly Street, VASSE , Western Australia",115.2505438,-33.6759524
"126 Forrest Road, ARMADALE , Western Australia",116.0100967,-32.1519179
"268 Great Eastern Highway, ASCOT , Western Australia",115.9334303,-31.9365391
"309 Guildford Road, BASSENDEAN , Western Australia",115.9594809,-31.9007869
"168 Walter Road West, BEDFORD , Western Australia",,
"495 Beechboro Road N, BEECHBORO , Western Australia",115.9247615,-31.8649652
"169 Hampton Street, BRIDGETOWN , Western Australia",116.1344196,-33.9667861
"375 Bussell Highway, BROADWATER , Western Australia",115.2699682,-33.6605763
"42 Strickland Street, BUNBURY , Western Australia",115.6474382,-33.3338976
"868 South Western Highway, BYFORD , Western Australia",116.0061448,-32.2308896
"427 Charles Street, NORTH PERTH , Western Australia",115.8510357,-31.9234194
"1 Bayley Street, COOLGARDIE , Western Australia",121.163342,-30.9546617
"45 South Western Highway, DONNYBROOK , Western Australia",115.8404084,-33.5795825
"114 Rockingham Road, HAMILTON HILL , Western Australia",115.7656405,-32.0803198
"46 South Western Highway, HARVEY , Western Australia",115.9099299,-32.9482273
"4 Ocean Street, KWINANA BEACH , Western Australia",115.7734156,-32.247146
"2 Rafferty Road, MANDURAH , Western Australia",115.7486044,-32.5177855
"430 Morley Drive, MORLEY , Western Australia",115.9285385,-31.8888637
"9 McVicar Pl, MOUNT HELENA , Western Australia",116.210358,-31.8780576
"66 Sylvia Street, NOLLAMARA , Western Australia",115.8396208,-31.8806161
"58 George Street, PINJARRA , Western Australia",115.8731058,-32.6302653
"35 Blackburn Drive, PORT KENNEDY , Western Australia",115.7589792,-32.3700744
"367 Caves Road, KEALY , Western Australia",115.2473249,-33.6595394
"333 Rockingham Road, SPEARWOOD , Western Australia",115.7827567,-32.1010754
"123 Thomas Street, SUBIACO , Western Australia",115.8310223,-31.9522258
"2086 Toodyay Road, GIDGEGANNUP , Western Australia",116.1279746,-31.8203756
"157 Grand Ent, AUSTRALIND , Western Australia",115.7474506,-33.2843055
"1447 Great Northern Highway, UPPER SWAN , Western Australia",116.0370663,-31.7571907
"964 Wanneroo Road, WANNEROO , Western Australia",115.7126511,-31.6101151
"89 South Western Highway, WAROONA , Western Australia",115.9048126,-32.9329746
"124 Welshpool Road, WELSHPOOL , Western Australia",115.9244402,-31.9940855
"10428 Bussell Highway, WITCHCLIFFE , Western Australia",115.0975746,-34.0170405
"109 Barrington Street, YANGEBUP , Western Australia",115.7950709,-32.1166643
"44 Mandurah Road, KWINANA BEACH , Western Australia",115.7811838,-32.2384082
"2 Kalamunda Road, SOUTH GUILDFORD , Western Australia",115.9731572,-31.9154995
"1 Evans Road, WALKAWAY , Western Australia",114.7916599,-28.9399064
"32 South Western Highway, WAROONA , Western Australia",115.9048126,-32.9329746
"41 Angove Street, NORTH PERTH , Western Australia",115.85272,-31.9275482
"260 Middleton Road, MIRA MAR , Western Australia",117.9027494,-35.0198825
"225-227 Albany Highway, MOUNT MELVILLE , Western Australia",117.8712412,-35.0117495
"1 Darch Street, REGANS FORD , Western Australia",115.702225,-30.9825946
"21 Jose Street, MULLEWA , Western Australia",115.5124085,-28.5404385
"19 Station Street, YOUNGS SIDING , Western Australia",117.5221196,-35.0120145
"7 Honeybee Pde, BANKSIA GROVE , Western Australia",115.79870750799984,-31.7032728
"3 Marvel Ent, BRABHAM , Western Australia",115.9675282,-31.8325481
"81-93 West Street, BUSSELTON , Western Australia",115.3416261,-33.6545183
"2 Sepia Ct, ROCKINGHAM , Western Australia",115.7435246,-32.2921288
"377 Wanneroo Road, BALCATTA , Western Australia",115.8297914,-31.87312
"159 Altone Road, BEECHBORO , Western Australia",115.9446339,-31.8714685
"918 Canning Highway, APPLECROSS , Western Australia",115.8435471,-32.0152943
"2 Hollosy Way, ASHBY , Western Australia",115.8040819,-31.732841
"614 Baldivis Road, BALDIVIS , Western Australia",115.8293104,-32.2900497
"91-93 Manning Road, BENTLEY , Western Australia",115.9008593,-32.013336
"11 Headingly Cr, BUTLER , Western Australia",115.71250868457044,-31.654251
"Lot 22 South Western Highway, BYFORD , Western Australia",116.0061448,-32.2308896
"510 Beach Road, CARINE , Western Australia",115.7773506,-31.8456584
"7 Ocean Keys Bvd, CLARKSON , Western Australia",115.7332619,-31.6911894
"191 Bailey Bvd, DAWESVILLE , Western Australia",115.6320169,-32.631052
"112 Oakleigh Drive, ERSKINE , Western Australia",115.6905318,-32.560414
"2 Baroy Street, FALCON , Western Australia",115.6612889,-32.5816961
"63 Alex Wood Drive, FORRESTDALE , Western Australia",115.96600609594029,-32.141080650000006
"2 Jon Sanders Drive, GLENDALOUGH , Western Australia",115.8176753,-31.9227139
"2100 Albany Highway, GOSNELLS , Western Australia",116.0025103,-32.0722439
"35 Minilya Pkwy, GREENFIELDS , Western Australia",115.7640123,-32.5298916
"967 Abernethy Road, HIGH WYCOMBE , Western Australia",115.9946382,-31.9302542
"420 Joondalup Drive, JOONDALUP , Western Australia",115.7665936,-31.7442395
"146 Boulder Road, SOUTH KALGOORLIE , Western Australia",121.4804252,-30.7524493
"581 Hannan Street, SOMERVILLE , Western Australia",121.4561379,-30.7625701
"2 Fenton Street, KEWDALE , Western Australia",115.957064,-31.9835106
"76 Malaga Drive, MALAGA , Western Australia",115.8964005,-31.867073
"1 Capital Road, MALAGA , Western Australia",115.8790709,-31.8484706
"585 Canning Highway, ALFRED COVE , Western Australia",115.8096267,-32.0321347
"296 Benara Road, MORLEY , Western Australia",115.9277382,-31.8755654
"7 Broadway, NEDLANDS , Western Australia",115.8139911,-31.9778602
"868 Pinjarra Road, FURNISSDALE , Western Australia",115.7992103,-32.5672758
"240 Toodyay Road, STRATTON , Western Australia",116.0339917,-31.8641907
"79 Buckingham Drive, WANGARA , Western Australia",115.8198283,-31.7870808
"2 Bristol Street, WARNBRO , Western Australia",115.7585268,-32.328576
"2 Cunningham Road, WEST KALGOORLIE , Western Australia",,
"18 Orchard Road, MADDINGTON , Western Australia",115.9979714,-32.0350884
"131 Welsh Drive, NEWMAN , Western Australia",119.7162215,-23.3649812
"12-14 Cajarina Road, WEDGEFIELD , Western Australia",118.58675,-20.3811804
"1 Mandurah Road, KWINANA BEACH , Western Australia",115.7811838,-32.2384082
"183-187 Mandurah Tce, MANDURAH , Western Australia",115.7412234,-32.5048521
"1 Wilfred Road, CANNING VALE , Western Australia",115.90438917326205,-32.0870156
"180 The Promenade, ELLENBROOK , Western Australia",115.9610676,-31.7747786
"1 Canham Way, GREENWOOD , Western Australia",115.820611,-31.8222847
"342 Beaufort Street, PERTH , Western Australia",115.8639313,-31.9475299
"78 Old York Road, NORTHAM , Western Australia",116.6834951,-31.6492185
"128 West Coast Drive, SORRENTO , Western Australia",115.7421352,-31.8223975
"229B Hampton Road, SOUTH FREMANTLE , Western Australia",115.7575207,-32.0677524
"459 Nicholson Road, CANNING VALE , Western Australia",115.9363043129526,-32.06335645
"4267 South Western Highway, NORTH DANDALUP , Western Australia",115.9700648,-32.5225732
"84 Strelly Street, BUSSELTON , Western Australia",115.3489759,-33.6631886
"2507 Toodyay Road, GIDGEGANNUP , Western Australia",116.1279746,-31.8203756
"9 Norton Prom, DALYELLUP , Western Australia",115.6372718,-33.3958765
"30215 Brand Highway, DONGARA , Western Australia",114.9603806,-29.2525459
"557 Albany Highway, MCKAIL , Western Australia",117.836713,-34.975944
"4 Bayonet Head Road, BAYONET HEAD , Western Australia",117.9295482,-34.9814812
"6 Pelias Street, EXMOUTH , Western Australia",114.1253901,-21.937845
"51 South Western Highway, DONNYBROOK , Western Australia",115.8404084,-33.5795825
"13 Stebbing Road, MADDINGTON , Western Australia",115.9915629,-32.0422095
"1602 Pinjarra Road, PINJARRA , Western Australia",115.8646532,-32.6224211
"121 Quinns Road, QUINNS ROCKS , Western Australia",115.7085577,-31.6726953
"1369 Wanneroo Road, WANNEROO , Western Australia",115.7599059,-31.6916696
"6 Birnam Road, CANNING VALE , Western Australia",115.9296873,-32.0817776
"159 Milner Road, FORRESTFIELD , Western Australia",115.99674,-31.9571138
"630 Karel Ave, JANDAKOT , Western Australia",115.87053456501668,-32.09023855
"390 Nicholson Road, PIARA WATERS , Western Australia",115.9240888,-32.1412973
"1031 Mardie Road, KARRATHA INDUSTRIAL ESTATE , Western Australia",116.8612558,-20.7769247
"58 Montana Cres, ALKIMOS , Western Australia",115.6870108,-31.622793
"2 Wattleglen Ave, ERSKINE , Western Australia",115.6815331,-32.5649613
"370 Baldivis Road, BALDIVIS , Western Australia",115.8293104,-32.2900497
"1133-1135 Albany Highway, BENTLEY , Western Australia",115.9236938,-32.0072457
"52 Thundelarra Drive, GOLDEN BAY , Western Australia",115.7595014,-32.4186874
"1 South Street, KARDINYA , Western Australia",115.8157926,-32.067564
"147-149 Grand Ent, AUSTRALIND , Western Australia",115.7474506,-33.2843055
"227 Morrison Road, MIDVALE , Western Australia",116.0305084,-31.8855824
"276 Port Drive, MINYIRR , Western Australia",122.2042378,-17.997427
"370 Victoria Road, MALAGA , Western Australia",115.9104038,-31.8615307
"9850 Forrest Highway, VITTORIA , Western Australia",115.6930827,-33.3300309
"137 Market Street, CASUARINA , Western Australia",115.85228391222948,-32.23433035
"133 Ghost Gum Bvd, BANKSIA GROVE , Western Australia",115.8018676,-31.7021785
"24 Dooley Street, NAVAL BASE , Western Australia",115.7847464,-32.1973672
"9 Pritchard Street, O'CONNOR , Western Australia",115.7924559,-32.0629923
"3 Herdsman Lane, WANNEROO , Western Australia",,
"83 Flores Road, WEBBERTON , Western Australia",114.6295498,-28.7536322
"1 Harlond Ave, MALAGA , Western Australia",115.8900495,-31.857203
"24 Albany Highway, WILLIAMS , Western Australia",116.8793503,-33.0291241
"5 Albina Ave, ANKETELL , Western Australia",115.8554486,-32.2128758
"Airport Drive (Cnr Paltridge Road), PERTH AIRPORT , Western Australia",,
"2533 Great Northern Highway, BULLSBROOK , Western Australia",116.03141396291343,-31.67191145
"13 Picton Road, EAST BUNBURY , Western Australia",115.664544,-33.3477258
"374 South Street, O'CONNOR , Western Australia",115.8026099,-32.065674
"17 Brisbane Street, PERTH , Western Australia",115.8610113,-31.9419145
"1/1163 Albany Highway, BENTLEY , Western Australia",115.9236938,-32.0072457
"8D Picton Road, EAST BUNBURY , Western Australia",115.664544,-33.3477258
"15 Albatross Cres, EATON , Western Australia",115.7158294,-33.321636
"Cnr Westfield Road & Ypres Road, CAMILLO , Western Australia",,
"190 Railway Pde, BASSENDEAN , Western Australia",115.9470208,-31.9030234
"12 Erade Drive, PIARA WATERS , Western Australia",115.9165495,-32.1182511
"51 Tiffany Ctr, DALYELLUP , Western Australia",115.6356732,-33.396345
"115 Dixon Road, EAST ROCKINGHAM , Western Australia",115.7827979,-32.2769592
"302 Blair Street, SOUTH BUNBURY , Western Australia",115.646089,-33.34236
"200 North Lake Road, KARDINYA , Western Australia",115.814973,-32.0678243
